current,counts,background,run,cycle_count,cycle_bkgd
0.9997375821167568,27519,11736,2666,0,1
0.9995812659080212,26784,11700,2666,9,8
